<?xml version="1.0" encoding="utf-8"?>
<ApplicationInstallerManifest>
   <DefaultInstallationDirectory>/Applications/CircadianModel/</DefaultInstallationDirectory>
   <ApplicationName>CircadianModel</ApplicationName>
   <ExecutableName>application/CircadianModel.exe</ExecutableName>
   <GUID>7cc449e2-3424-41b2-bd7a-a7906c3d0fc5</GUID>
   <ApplicationIcon>default_icon_48.png</ApplicationIcon>
   <Logo>default_logo.png</Logo>
   <Version>1.0</Version>
   <Summary>Analysing how the amplitude of certain proteins changes with varying levels of initial concentrations</Summary>
   <WelcomePanelText>CircadianModel 1.0
Analysing how the amplitude of certain proteins changes with varying levels of initial concentrations

Built using the detailed model described in the paper 'A mechanism for robust circadian timekeeping via stoichiometric balance' by Kim and Forger, 2012.

Kinshuk Dosi
kinshuk.dosi@gmail.com</WelcomePanelText>
   <MCRProducts>
      <MCRProduct>
         <ExternalProductIdentifier>35002</ExternalProductIdentifier>
      </MCRProduct>
      <MCRProduct>
         <ExternalProductIdentifier>35003</ExternalProductIdentifier>
      </MCRProduct>
      <MCRProduct>
         <ExternalProductIdentifier>35010</ExternalProductIdentifier>
      </MCRProduct>
   </MCRProducts>
</ApplicationInstallerManifest>